client_id,business_name,poc_first_name,poc_last_name,street_number,street_name,city,state_id,zip_code,poc_phone,
1,ABC Company,John,Smith,123,Main St,Anytown,1,12345,555-555-5555,john.smith@abccompany.com
2,XYZ Inc,Emily,Jones,456,Oak Ave,Smallville,2,54321,555-555-5555,emily.jones@xyzinc.com
3,Acme Corporation,Robert,Johnson,789,Maple St,Bigcity,3,67890,555-555-5555,robert.johnson@acmecorp.com
4,Superior Solutions,Jennifer,Doe,101,First St,Anothercity,4,23456,555-555-5555,jennifer.doe@superiorsolutions.com
5,Global Enterprises,Michael,Williams,234,Fifth Ave,Anytown,5,34567,555-555-5555,michael.williams@globent.com
6,Innovative Ideas,Anna,Kim,678,Ninth St,Smallville,6,45678,555-555-5555,anna.kim@innovideas.com
7,New Horizons,David,Lee,321,Elm St,Bigcity,7,56789,555-555-5555,david.lee@newhorizons.com
8,Progressive Partners,Sarah,Chen,654,Second Ave,Anytown,8,87654,555-555-5555,sarah.chen@progpartners.com
9,Next Generation,Joseph,Garcia,987,Third St,Smallville,9,76543,555-555-5555,joseph.garcia@nextgen.com
10,Forward Thinking,Amy,Rodriguez,432,Park Ave,Bigcity,10,65432,555-555-5555,amy.rodriguez@forwardthinking.com
11,Innovative Concepts,Mark,Kim,876,Elm St,Anytown,1,54321,555-555-5555,mark.kim@innovconcepts.com
12,Creative Minds,Nicole,Lopez,901,Main St,Smallville,1,23456,555-555-5555,nicole.lopez@creativeminds.com
13,Leading Edge,Jonathan,Hernandez,234,Oak Ave,Bigcity,1,34567,555-555-5555,jonathan.hernandez@leadedge.com
14,Innovative Solutions,Amanda,Nguyen,567,Pine St,Anytown,1,45678,555-555-5555,amanda.nguyen@inno-solutions.com
15,Dynamic Strategies,Christopher,Park,890,Maple St,Smallville,1,56789,555-555-5555,christopher.park@dynstrategies.com
16,Global Innovations,Elizabeth,Taylor,123,Oak St,Bigcity,1,67890,555-555-5555,elizabeth.taylor@globinnovations.com
17,Proactive Partners,Nathan,Tran,456,Main St,Anytown,1,67891,555-555-5556,elizabeth.taylor@globinnovations.com
18,ABC Company,John,Smith,124,Main St,Anytown,1,62296,555-555-5555,john.smith@abccompany.com
19,XYZ Inc,Emily,Jones,457,Oak Ave,Smallville,1,63497,555-555-5555,emily.jones@xyzinc.com
20,Acme Corporation,Robert,Johnson,790,Maple St,Bigcity,1,64698,555-555-5555,robert.johnson@acmecorp.com
21,Superior Solutions,Jennifer,Doe,102,First St,Anothercity,1,65899,555-555-5555,jennifer.doe@superiorsolutions.com
22,Global Enterprises,Michael,Williams,235,Fifth Ave,Anytown,1,67100,555-555-5555,michael.williams@globent.com
23,Innovative Ideas,Anna,Kim,679,Ninth St,Smallville,1,68301,555-555-5555,anna.kim@innovideas.com
24,New Horizons,David,Lee,322,Elm St,Bigcity,1,69502,555-555-5555,david.lee@newhorizons.com
25,Progressive Partners,Sarah,Chen,655,Second Ave,Anytown,1,70703,555-555-5555,sarah.chen@progpartners.com
26,Next Generation,Joseph,Garcia,988,Third St,Smallville,1,71904,555-555-5555,joseph.garcia@nextgen.com
27,Forward Thinking,Amy,Rodriguez,433,Park Ave,Bigcity,1,73105,555-555-5555,amy.rodriguez@forwardthinking.com
28,Innovative Concepts,Mark,Kim,877,Elm St,Anytown,1,74306,555-555-5555,mark.kim@innovconcepts.com
29,Creative Minds,Nicole,Lopez,902,Main St,Smallville,1,75507,555-555-5555,nicole.lopez@creativeminds.com
30,Leading Edge,Jonathan,Hernandez,235,Oak Ave,Bigcity,1,76708,555-555-5555,jonathan.hernandez@leadedge.com
31,Innovative Solutions,Amanda,Nguyen,568,Pine St,Anytown,1,77910,555-555-5555,amanda.nguyen@inno-solutions.com
32,Dynamic Strategies,Christopher,Park,891,Maple St,Smallville,1,79111,555-555-5555,christopher.park@dynstrategies.com
33,Global Innovations,Elizabeth,Taylor,124,Oak St,Bigcity,1,80312,555-555-5555,elizabeth.taylor@globinnovations.com
34,Proactive Partners,Nathan,Tran,457,Main St,Anytown,1,81513,555-555-5556,elizabeth.taylor@globinnovations.com
35,ABC Company,John,Smith,125,Main St,Anytown,1,82714,555-555-5555,john.smith@abccompany.com
36,XYZ Inc,Emily,Jones,458,Oak Ave,Smallville,1,83915,555-555-5555,emily.jones@xyzinc.com
37,Acme Corporation,Robert,Johnson,791,Maple St,Bigcity,1,85116,555-555-5555,robert.johnson@acmecorp.com
38,Superior Solutions,Jennifer,Doe,103,First St,Anothercity,1,86317,555-555-5555,jennifer.doe@superiorsolutions.com
39,Global Enterprises,Michael,Williams,236,Fifth Ave,Anytown,1,87518,555-555-5555,michael.williams@globent.com
40,Innovative Ideas,Anna,Kim,680,Ninth St,Smallville,1,88719,555-555-5555,anna.kim@innovideas.com
41,New Horizons,David,Lee,323,Elm St,Bigcity,1,89920,555-555-5555,david.lee@newhorizons.com
42,Progressive Partners,Sarah,Chen,656,Second Ave,Anytown,1,91121,555-555-5555,sarah.chen@progpartners.com
43,Next Generation,Joseph,Garcia,989,Third St,Smallville,1,92322,555-555-5555,joseph.garcia@nextgen.com
44,Forward Thinking,Amy,Rodriguez,434,Park Ave,Bigcity,1,93523,555-555-5555,amy.rodriguez@forwardthinking.com
45,Innovative Concepts,Mark,Kim,878,Elm St,Anytown,1,94724,555-555-5555,mark.kim@innovconcepts.com
46,Creative Minds,Nicole,Lopez,903,Main St,Smallville,1,95925,555-555-5555,nicole.lopez@creativeminds.com
47,Leading Edge,Jonathan,Hernandez,236,Oak Ave,Bigcity,1,97126,555-555-5555,jonathan.hernandez@leadedge.com
48,Innovative Solutions,Amanda,Nguyen,569,Pine St,Anytown,1,98327,555-555-5555,amanda.nguyen@inno-solutions.com
49,Dynamic Strategies,Christopher,Park,892,Maple St,Smallville,1,99529,555-555-5555,christopher.park@dynstrategies.com
50,Global Innovations,Elizabeth,Taylor,125,Oak St,Bigcity,1,100730,555-555-5555,elizabeth.taylor@globinnovations.com
51,Proactive Partners,Nathan,Tran,458,Main St,Anytown,1,101931,555-555-5556,elizabeth.taylor@globinnovations.com
52,ABC Company,John,Smith,126,Main St,Anytown,1,103132,555-555-5555,john.smith@abccompany.com
53,XYZ Inc,Emily,Jones,459,Oak Ave,Smallville,1,104333,555-555-5555,emily.jones@xyzinc.com
54,Acme Corporation,Robert,Johnson,792,Maple St,Bigcity,1,105534,555-555-5555,robert.johnson@acmecorp.com
55,Superior Solutions,Jennifer,Doe,104,First St,Anothercity,1,106735,555-555-5555,jennifer.doe@superiorsolutions.com
56,Global Enterprises,Michael,Williams,237,Fifth Ave,Anytown,1,107936,555-555-5555,michael.williams@globent.com
57,Innovative Ideas,Anna,Kim,681,Ninth St,Smallville,1,109137,555-555-5555,anna.kim@innovideas.com
58,New Horizons,David,Lee,324,Elm St,Bigcity,1,110338,555-555-5555,david.lee@newhorizons.com
59,Progressive Partners,Sarah,Chen,657,Second Ave,Anytown,1,111539,555-555-5555,sarah.chen@progpartners.com
60,Next Generation,Joseph,Garcia,990,Third St,Smallville,1,112740,555-555-5555,joseph.garcia@nextgen.com
61,Forward Thinking,Amy,Rodriguez,435,Park Ave,Bigcity,1,113941,555-555-5555,amy.rodriguez@forwardthinking.com
62,Innovative Concepts,Mark,Kim,879,Elm St,Anytown,1,115142,555-555-5555,mark.kim@innovconcepts.com
63,Creative Minds,Nicole,Lopez,904,Main St,Smallville,1,116343,555-555-5555,nicole.lopez@creativeminds.com
64,Leading Edge,Jonathan,Hernandez,237,Oak Ave,Bigcity,1,117544,555-555-5555,jonathan.hernandez@leadedge.com
65,Innovative Solutions,Amanda,Nguyen,570,Pine St,Anytown,1,118745,555-555-5555,amanda.nguyen@inno-solutions.com
66,Dynamic Strategies,Christopher,Park,893,Maple St,Smallville,1,119947,555-555-5555,christopher.park@dynstrategies.com
67,Global Innovations,Elizabeth,Taylor,126,Oak St,Bigcity,1,121148,555-555-5555,elizabeth.taylor@globinnovations.com
68,Proactive Partners,Nathan,Tran,459,Main St,Anytown,1,122349,555-555-5556,elizabeth.taylor@globinnovations.com
69,ABC Company,John,Smith,127,Main St,Anytown,1,123550,555-555-5555,john.smith@abccompany.com
70,XYZ Inc,Emily,Jones,460,Oak Ave,Smallville,1,124751,555-555-5555,emily.jones@xyzinc.com
71,Acme Corporation,Robert,Johnson,793,Maple St,Bigcity,1,125952,555-555-5555,robert.johnson@acmecorp.com
72,Superior Solutions,Jennifer,Doe,105,First St,Anothercity,1,127153,555-555-5555,jennifer.doe@superiorsolutions.com
73,Global Enterprises,Michael,Williams,238,Fifth Ave,Anytown,1,128354,555-555-5555,michael.williams@globent.com
74,Innovative Ideas,Anna,Kim,682,Ninth St,Smallville,1,129555,555-555-5555,anna.kim@innovideas.com
75,New Horizons,David,Lee,325,Elm St,Bigcity,1,130756,555-555-5555,david.lee@newhorizons.com
76,Progressive Partners,Sarah,Chen,658,Second Ave,Anytown,1,131957,555-555-5555,sarah.chen@progpartners.com
77,Next Generation,Joseph,Garcia,991,Third St,Smallville,1,133158,555-555-5555,joseph.garcia@nextgen.com
78,Forward Thinking,Amy,Rodriguez,436,Park Ave,Bigcity,1,134359,555-555-5555,amy.rodriguez@forwardthinking.com
79,Innovative Concepts,Mark,Kim,880,Elm St,Anytown,1,135560,555-555-5555,mark.kim@innovconcepts.com
80,Creative Minds,Nicole,Lopez,905,Main St,Smallville,1,136761,555-555-5555,nicole.lopez@creativeminds.com
81,Leading Edge,Jonathan,Hernandez,238,Oak Ave,Bigcity,1,137962,555-555-5555,jonathan.hernandez@leadedge.com
82,Innovative Solutions,Amanda,Nguyen,571,Pine St,Anytown,1,139163,555-555-5555,amanda.nguyen@inno-solutions.com
83,Dynamic Strategies,Christopher,Park,894,Maple St,Smallville,1,140364,555-555-5555,christopher.park@dynstrategies.com
84,Global Innovations,Elizabeth,Taylor,127,Oak St,Bigcity,1,141566,555-555-5555,elizabeth.taylor@globinnovations.com
85,Proactive Partners,Nathan,Tran,460,Main St,Anytown,1,142767,555-555-5556,elizabeth.taylor@globinnovations.com
86,ABC Company,John,Smith,128,Main St,Anytown,1,143968,555-555-5555,john.smith@abccompany.com
87,XYZ Inc,Emily,Jones,461,Oak Ave,Smallville,1,145169,555-555-5555,emily.jones@xyzinc.com
88,Acme Corporation,Robert,Johnson,794,Maple St,Bigcity,1,146370,555-555-5555,robert.johnson@acmecorp.com
89,Superior Solutions,Jennifer,Doe,106,First St,Anothercity,1,147571,555-555-5555,jennifer.doe@superiorsolutions.com
90,Global Enterprises,Michael,Williams,239,Fifth Ave,Anytown,1,148772,555-555-5555,michael.williams@globent.com
91,Innovative Ideas,Anna,Kim,683,Ninth St,Smallville,1,149973,555-555-5555,anna.kim@innovideas.com
92,New Horizons,David,Lee,326,Elm St,Bigcity,1,151174,555-555-5555,david.lee@newhorizons.com
93,Progressive Partners,Sarah,Chen,659,Second Ave,Anytown,1,152375,555-555-5555,sarah.chen@progpartners.com
94,Next Generation,Joseph,Garcia,992,Third St,Smallville,1,153576,555-555-5555,joseph.garcia@nextgen.com
95,Forward Thinking,Amy,Rodriguez,437,Park Ave,Bigcity,1,154777,555-555-5555,amy.rodriguez@forwardthinking.com
96,Innovative Concepts,Mark,Kim,881,Elm St,Anytown,1,155978,555-555-5555,mark.kim@innovconcepts.com
97,Creative Minds,Nicole,Lopez,906,Main St,Smallville,1,157179,555-555-5555,nicole.lopez@creativeminds.com
98,Leading Edge,Jonathan,Hernandez,239,Oak Ave,Bigcity,1,158380,555-555-5555,jonathan.hernandez@leadedge.com
99,Innovative Solutions,Amanda,Nguyen,572,Pine St,Anytown,1,159581,555-555-5555,amanda.nguyen@inno-solutions.com
100,Dynamic Strategies,Christopher,Park,895,Maple St,Smallville,1,160782,555-555-5555,christopher.park@dynstrategies.com
101,Global Innovations,Elizabeth,Taylor,128,Oak St,Bigcity,1,161983,555-555-5555,elizabeth.taylor@globinnovations.com
102,Proactive Partners,Nathan,Tran,461,Main St,Anytown,1,163185,555-555-5556,elizabeth.taylor@globinnovations.com
103,ABC Company,John,Smith,129,Main St,Anytown,1,164386,555-555-5555,john.smith@abccompany.com
104,XYZ Inc,Emily,Jones,462,Oak Ave,Smallville,1,165587,555-555-5555,emily.jones@xyzinc.com
105,Acme Corporation,Robert,Johnson,795,Maple St,Bigcity,1,166788,555-555-5555,robert.johnson@acmecorp.com
106,Superior Solutions,Jennifer,Doe,107,First St,Anothercity,1,167989,555-555-5555,jennifer.doe@superiorsolutions.com
107,Global Enterprises,Michael,Williams,240,Fifth Ave,Anytown,1,169190,555-555-5555,michael.williams@globent.com
108,Innovative Ideas,Anna,Kim,684,Ninth St,Smallville,1,170391,555-555-5555,anna.kim@innovideas.com
109,New Horizons,David,Lee,327,Elm St,Bigcity,1,171592,555-555-5555,david.lee@newhorizons.com
110,Progressive Partners,Sarah,Chen,660,Second Ave,Anytown,1,172793,555-555-5555,sarah.chen@progpartners.com
111,Next Generation,Joseph,Garcia,993,Third St,Smallville,1,173994,555-555-5555,joseph.garcia@nextgen.com
112,Forward Thinking,Amy,Rodriguez,438,Park Ave,Bigcity,1,175195,555-555-5555,amy.rodriguez@forwardthinking.com
113,Innovative Concepts,Mark,Kim,882,Elm St,Anytown,1,176396,555-555-5555,mark.kim@innovconcepts.com
114,Creative Minds,Nicole,Lopez,907,Main St,Smallville,1,177597,555-555-5555,nicole.lopez@creativeminds.com
115,Leading Edge,Jonathan,Hernandez,240,Oak Ave,Bigcity,1,178798,555-555-5555,jonathan.hernandez@leadedge.com
116,Innovative Solutions,Amanda,Nguyen,573,Pine St,Anytown,1,179999,555-555-5555,amanda.nguyen@inno-solutions.com
117,Dynamic Strategies,Christopher,Park,896,Maple St,Smallville,1,181200,555-555-5555,christopher.park@dynstrategies.com
118,Global Innovations,Elizabeth,Taylor,129,Oak St,Bigcity,1,182401,555-555-5555,elizabeth.taylor@globinnovations.com
119,Proactive Partners,Nathan,Tran,462,Main St,Anytown,1,183602,555-555-5556,elizabeth.taylor@globinnovations.com
120,ABC Company,John,Smith,130,Main St,Anytown,1,184804,555-555-5555,john.smith@abccompany.com
121,XYZ Inc,Emily,Jones,463,Oak Ave,Smallville,1,186005,555-555-5555,emily.jones@xyzinc.com
122,Acme Corporation,Robert,Johnson,796,Maple St,Bigcity,1,187206,555-555-5555,robert.johnson@acmecorp.com
123,Superior Solutions,Jennifer,Doe,108,First St,Anothercity,1,188407,555-555-5555,jennifer.doe@superiorsolutions.com
124,Global Enterprises,Michael,Williams,241,Fifth Ave,Anytown,1,189608,555-555-5555,michael.williams@globent.com
125,Innovative Ideas,Anna,Kim,685,Ninth St,Smallville,1,190809,555-555-5555,anna.kim@innovideas.com
126,New Horizons,David,Lee,328,Elm St,Bigcity,1,192010,555-555-5555,david.lee@newhorizons.com
127,Progressive Partners,Sarah,Chen,661,Second Ave,Anytown,1,193211,555-555-5555,sarah.chen@progpartners.com
128,Next Generation,Joseph,Garcia,994,Third St,Smallville,1,194412,555-555-5555,joseph.garcia@nextgen.com
129,Forward Thinking,Amy,Rodriguez,439,Park Ave,Bigcity,1,195613,555-555-5555,amy.rodriguez@forwardthinking.com
130,Innovative Concepts,Mark,Kim,883,Elm St,Anytown,1,196814,555-555-5555,mark.kim@innovconcepts.com
131,Creative Minds,Nicole,Lopez,908,Main St,Smallville,1,198015,555-555-5555,nicole.lopez@creativeminds.com
132,Leading Edge,Jonathan,Hernandez,241,Oak Ave,Bigcity,1,199216,555-555-5555,jonathan.hernandez@leadedge.com
133,Innovative Solutions,Amanda,Nguyen,574,Pine St,Anytown,1,200417,555-555-5555,amanda.nguyen@inno-solutions.com
134,Dynamic Strategies,Christopher,Park,897,Maple St,Smallville,1,201618,555-555-5555,christopher.park@dynstrategies.com
135,Global Innovations,Elizabeth,Taylor,130,Oak St,Bigcity,1,202819,555-555-5555,elizabeth.taylor@globinnovations.com
136,Proactive Partners,Nathan,Tran,463,Main St,Anytown,1,204020,555-555-5556,elizabeth.taylor@globinnovations.com
137,ABC Company,John,Smith,131,Main St,Anytown,1,205222,555-555-5555,john.smith@abccompany.com
138,XYZ Inc,Emily,Jones,464,Oak Ave,Smallville,1,206423,555-555-5555,emily.jones@xyzinc.com
139,Acme Corporation,Robert,Johnson,797,Maple St,Bigcity,1,207624,555-555-5555,robert.johnson@acmecorp.com
140,Superior Solutions,Jennifer,Doe,109,First St,Anothercity,1,208825,555-555-5555,jennifer.doe@superiorsolutions.com
141,Global Enterprises,Michael,Williams,242,Fifth Ave,Anytown,1,210026,555-555-5555,michael.williams@globent.com
142,Innovative Ideas,Anna,Kim,686,Ninth St,Smallville,1,211227,555-555-5555,anna.kim@innovideas.com
143,New Horizons,David,Lee,329,Elm St,Bigcity,1,212428,555-555-5555,david.lee@newhorizons.com
144,Progressive Partners,Sarah,Chen,662,Second Ave,Anytown,1,213629,555-555-5555,sarah.chen@progpartners.com
145,Next Generation,Joseph,Garcia,995,Third St,Smallville,1,214830,555-555-5555,joseph.garcia@nextgen.com
146,Forward Thinking,Amy,Rodriguez,440,Park Ave,Bigcity,1,216031,555-555-5555,amy.rodriguez@forwardthinking.com
147,Innovative Concepts,Mark,Kim,884,Elm St,Anytown,1,217232,555-555-5555,mark.kim@innovconcepts.com
148,Creative Minds,Nicole,Lopez,909,Main St,Smallville,1,218433,555-555-5555,nicole.lopez@creativeminds.com
149,Leading Edge,Jonathan,Hernandez,242,Oak Ave,Bigcity,1,219634,555-555-5555,jonathan.hernandez@leadedge.com
150,Innovative Solutions,Amanda,Nguyen,575,Pine St,Anytown,1,220835,555-555-5555,amanda.nguyen@inno-solutions.com
151,Dynamic Strategies,Christopher,Park,898,Maple St,Smallville,1,222036,555-555-5555,christopher.park@dynstrategies.com
152,Global Innovations,Elizabeth,Taylor,131,Oak St,Bigcity,1,223237,555-555-5555,elizabeth.taylor@globinnovations.com
153,Proactive Partners,Nathan,Tran,464,Main St,Anytown,1,224438,555-555-5556,elizabeth.taylor@globinnovations.com
154,ABC Company,John,Smith,132,Main St,Anytown,1,225639,555-555-5555,john.smith@abccompany.com
155,XYZ Inc,Emily,Jones,465,Oak Ave,Smallville,1,226841,555-555-5555,emily.jones@xyzinc.com
156,Acme Corporation,Robert,Johnson,798,Maple St,Bigcity,1,228042,555-555-5555,robert.johnson@acmecorp.com
157,Superior Solutions,Jennifer,Doe,110,First St,Anothercity,1,229243,555-555-5555,jennifer.doe@superiorsolutions.com
158,Global Enterprises,Michael,Williams,243,Fifth Ave,Anytown,1,230444,555-555-5555,michael.williams@globent.com
159,Innovative Ideas,Anna,Kim,687,Ninth St,Smallville,1,231645,555-555-5555,anna.kim@innovideas.com
160,New Horizons,David,Lee,330,Elm St,Bigcity,1,232846,555-555-5555,david.lee@newhorizons.com
161,Progressive Partners,Sarah,Chen,663,Second Ave,Anytown,1,234047,555-555-5555,sarah.chen@progpartners.com
162,Next Generation,Joseph,Garcia,996,Third St,Smallville,1,235248,555-555-5555,joseph.garcia@nextgen.com
163,Forward Thinking,Amy,Rodriguez,441,Park Ave,Bigcity,1,236449,555-555-5555,amy.rodriguez@forwardthinking.com
164,Innovative Concepts,Mark,Kim,885,Elm St,Anytown,1,237650,555-555-5555,mark.kim@innovconcepts.com
165,Creative Minds,Nicole,Lopez,910,Main St,Smallville,1,238851,555-555-5555,nicole.lopez@creativeminds.com
166,Leading Edge,Jonathan,Hernandez,243,Oak Ave,Bigcity,1,240052,555-555-5555,jonathan.hernandez@leadedge.com
167,Innovative Solutions,Amanda,Nguyen,576,Pine St,Anytown,1,241253,555-555-5555,amanda.nguyen@inno-solutions.com
168,Dynamic Strategies,Christopher,Park,899,Maple St,Smallville,1,242454,555-555-5555,christopher.park@dynstrategies.com
169,Global Innovations,Elizabeth,Taylor,132,Oak St,Bigcity,1,243655,555-555-5555,elizabeth.taylor@globinnovations.com
170,Proactive Partners,Nathan,Tran,465,Main St,Anytown,1,244856,555-555-5556,elizabeth.taylor@globinnovations.com
171,ABC Company,John,Smith,133,Main St,Anytown,1,246057,555-555-5555,john.smith@abccompany.com
172,XYZ Inc,Emily,Jones,466,Oak Ave,Smallville,1,247258,555-555-5555,emily.jones@xyzinc.com
173,Acme Corporation,Robert,Johnson,799,Maple St,Bigcity,1,248460,555-555-5555,robert.johnson@acmecorp.com
174,Superior Solutions,Jennifer,Doe,111,First St,Anothercity,1,249661,555-555-5555,jennifer.doe@superiorsolutions.com
175,Global Enterprises,Michael,Williams,244,Fifth Ave,Anytown,1,250862,555-555-5555,michael.williams@globent.com
176,Innovative Ideas,Anna,Kim,688,Ninth St,Smallville,1,252063,555-555-5555,anna.kim@innovideas.com
177,New Horizons,David,Lee,331,Elm St,Bigcity,1,253264,555-555-5555,david.lee@newhorizons.com
178,Progressive Partners,Sarah,Chen,664,Second Ave,Anytown,1,254465,555-555-5555,sarah.chen@progpartners.com
179,Next Generation,Joseph,Garcia,997,Third St,Smallville,1,255666,555-555-5555,joseph.garcia@nextgen.com
180,Forward Thinking,Amy,Rodriguez,442,Park Ave,Bigcity,1,256867,555-555-5555,amy.rodriguez@forwardthinking.com
181,Innovative Concepts,Mark,Kim,886,Elm St,Anytown,1,258068,555-555-5555,mark.kim@innovconcepts.com
182,Creative Minds,Nicole,Lopez,911,Main St,Smallville,1,259269,555-555-5555,nicole.lopez@creativeminds.com
183,Leading Edge,Jonathan,Hernandez,244,Oak Ave,Bigcity,1,260470,555-555-5555,jonathan.hernandez@leadedge.com
184,Innovative Solutions,Amanda,Nguyen,577,Pine St,Anytown,1,261671,555-555-5555,amanda.nguyen@inno-solutions.com
185,Dynamic Strategies,Christopher,Park,900,Maple St,Smallville,1,262872,555-555-5555,christopher.park@dynstrategies.com
186,Global Innovations,Elizabeth,Taylor,133,Oak St,Bigcity,1,264073,555-555-5555,elizabeth.taylor@globinnovations.com
187,Proactive Partners,Nathan,Tran,466,Main St,Anytown,1,265274,555-555-5556,elizabeth.taylor@globinnovations.com
188,ABC Company,John,Smith,134,Main St,Anytown,1,266475,555-555-5555,john.smith@abccompany.com
189,XYZ Inc,Emily,Jones,467,Oak Ave,Smallville,1,267676,555-555-5555,emily.jones@xyzinc.com
190,Acme Corporation,Robert,Johnson,800,Maple St,Bigcity,1,268877,555-555-5555,robert.johnson@acmecorp.com
191,Superior Solutions,Jennifer,Doe,112,First St,Anothercity,1,270079,555-555-5555,jennifer.doe@superiorsolutions.com
192,Global Enterprises,Michael,Williams,245,Fifth Ave,Anytown,1,271280,555-555-5555,michael.williams@globent.com
193,Innovative Ideas,Anna,Kim,689,Ninth St,Smallville,1,272481,555-555-5555,anna.kim@innovideas.com
194,New Horizons,David,Lee,332,Elm St,Bigcity,1,273682,555-555-5555,david.lee@newhorizons.com
195,Progressive Partners,Sarah,Chen,665,Second Ave,Anytown,1,274883,555-555-5555,sarah.chen@progpartners.com
196,Next Generation,Joseph,Garcia,998,Third St,Smallville,1,276084,555-555-5555,joseph.garcia@nextgen.com
197,Forward Thinking,Amy,Rodriguez,443,Park Ave,Bigcity,1,277285,555-555-5555,amy.rodriguez@forwardthinking.com
198,Innovative Concepts,Mark,Kim,887,Elm St,Anytown,1,278486,555-555-5555,mark.kim@innovconcepts.com
199,Creative Minds,Nicole,Lopez,912,Main St,Smallville,1,279687,555-555-5555,nicole.lopez@creativeminds.com
200,Leading Edge,Jonathan,Hernandez,245,Oak Ave,Bigcity,1,280888,555-555-5555,jonathan.hernandez@leadedge.com
201,Innovative Solutions,Amanda,Nguyen,578,Pine St,Anytown,1,282089,555-555-5555,amanda.nguyen@inno-solutions.com
202,Dynamic Strategies,Christopher,Park,901,Maple St,Smallville,1,283290,555-555-5555,christopher.park@dynstrategies.com
203,Global Innovations,Elizabeth,Taylor,134,Oak St,Bigcity,1,284491,555-555-5555,elizabeth.taylor@globinnovations.com
204,Proactive Partners,Nathan,Tran,467,Main St,Anytown,1,285692,555-555-5556,elizabeth.taylor@globinnovations.com
205,ABC Company,John,Smith,135,Main St,Anytown,1,286893,555-555-5555,john.smith@abccompany.com
206,XYZ Inc,Emily,Jones,468,Oak Ave,Smallville,1,288094,555-555-5555,emily.jones@xyzinc.com
207,Acme Corporation,Robert,Johnson,801,Maple St,Bigcity,1,289295,555-555-5555,robert.johnson@acmecorp.com
208,Superior Solutions,Jennifer,Doe,113,First St,Anothercity,1,290497,555-555-5555,jennifer.doe@superiorsolutions.com
209,Global Enterprises,Michael,Williams,246,Fifth Ave,Anytown,1,291698,555-555-5555,michael.williams@globent.com
210,Innovative Ideas,Anna,Kim,690,Ninth St,Smallville,1,292899,555-555-5555,anna.kim@innovideas.com
211,New Horizons,David,Lee,333,Elm St,Bigcity,1,294100,555-555-5555,david.lee@newhorizons.com
212,Progressive Partners,Sarah,Chen,666,Second Ave,Anytown,1,295301,555-555-5555,sarah.chen@progpartners.com
213,Next Generation,Joseph,Garcia,999,Third St,Smallville,1,296502,555-555-5555,joseph.garcia@nextgen.com
214,Forward Thinking,Amy,Rodriguez,444,Park Ave,Bigcity,1,297703,555-555-5555,amy.rodriguez@forwardthinking.com
215,Innovative Concepts,Mark,Kim,888,Elm St,Anytown,1,298904,555-555-5555,mark.kim@innovconcepts.com
216,Creative Minds,Nicole,Lopez,913,Main St,Smallville,1,300105,555-555-5555,nicole.lopez@creativeminds.com
217,Leading Edge,Jonathan,Hernandez,246,Oak Ave,Bigcity,1,301306,555-555-5555,jonathan.hernandez@leadedge.com
218,Innovative Solutions,Amanda,Nguyen,579,Pine St,Anytown,1,302507,555-555-5555,amanda.nguyen@inno-solutions.com
219,Dynamic Strategies,Christopher,Park,902,Maple St,Smallville,1,303708,555-555-5555,christopher.park@dynstrategies.com
220,Global Innovations,Elizabeth,Taylor,135,Oak St,Bigcity,1,304909,555-555-5555,elizabeth.taylor@globinnovations.com
221,Proactive Partners,Nathan,Tran,468,Main St,Anytown,1,306110,555-555-5556,elizabeth.taylor@globinnovations.com
222,ABC Company,John,Smith,136,Main St,Anytown,1,307311,555-555-5555,john.smith@abccompany.com
223,XYZ Inc,Emily,Jones,469,Oak Ave,Smallville,1,308512,555-555-5555,emily.jones@xyzinc.com
224,Acme Corporation,Robert,Johnson,802,Maple St,Bigcity,1,309713,555-555-5555,robert.johnson@acmecorp.com
225,Superior Solutions,Jennifer,Doe,114,First St,Anothercity,1,310914,555-555-5555,jennifer.doe@superiorsolutions.com
226,Global Enterprises,Michael,Williams,247,Fifth Ave,Anytown,1,312116,555-555-5555,michael.williams@globent.com
227,Innovative Ideas,Anna,Kim,691,Ninth St,Smallville,1,313317,555-555-5555,anna.kim@innovideas.com
228,New Horizons,David,Lee,334,Elm St,Bigcity,1,314518,555-555-5555,david.lee@newhorizons.com
229,Progressive Partners,Sarah,Chen,667,Second Ave,Anytown,1,315719,555-555-5555,sarah.chen@progpartners.com
230,Next Generation,Joseph,Garcia,100,0 Third St,Smallville,1,316920,555-555-5555,joseph.garcia@nextgen.com
231,Forward Thinking,Amy,Rodriguez,445,Park Ave,Bigcity,1,318121,555-555-5555,amy.rodriguez@forwardthinking.com
232,Innovative Concepts,Mark,Kim,889,Elm St,Anytown,1,319322,555-555-5555,mark.kim@innovconcepts.com
233,Creative Minds,Nicole,Lopez,914,Main St,Smallville,1,320523,555-555-5555,nicole.lopez@creativeminds.com
234,Leading Edge,Jonathan,Hernandez,247,Oak Ave,Bigcity,1,321724,555-555-5555,jonathan.hernandez@leadedge.com
235,Innovative Solutions,Amanda,Nguyen,580,Pine St,Anytown,1,322925,555-555-5555,amanda.nguyen@inno-solutions.com
236,Dynamic Strategies,Christopher,Park,903,Maple St,Smallville,1,324126,555-555-5555,christopher.park@dynstrategies.com
237,Global Innovations,Elizabeth,Taylor,136,Oak St,Bigcity,1,325327,555-555-5555,elizabeth.taylor@globinnovations.com
